{
  "Name": "Coinspot-Part2",
  "CreationDate": "2021-5-9",
  "Commands": [
    {
      "Command": "open",
      "Target": "https://www.coinspot.com.au/my/dashboard",
      "Value": "",
      "Description": ""
    },
    {
      "Command": "csvReadArray",
      "Target": "coin.csv",
      "Value": "arrCoins",
      "Description": ""
    },
    {
      "Command": "executeScript_Sandbox",
      "Target": "return Number(1)",
      "Value": "currentLine",
      "Description": ""
    },
    {
      "Command": "while_v2",
      "Target": "${currentLine} <= ${!csvReadMaxRow}",
      "Value": "",
      "Description": ""
    },
    {
      "Command": "store",
      "Target": "${currentLine}",
      "Value": "!csvReadLineNumber",
      "Description": ""
    },
    {
      "Command": "csvRead",
      "Target": "coin.csv",
      "Value": "currentCoin",
      "Description": ""
    },
    {
      "Command": "clickAndWait",
      "Target": "xpath=//*[@id=\"top\"]/div/div/nav/ul/li[2]/a",
      "Value": "",
      "Description": ""
    },
    {
      "Command": "click",
      "Target": "xpath=//*[@id=\"content\"]/div[3]/div/div/div/div[2]/div/div/input",
      "Value": "",
      "Description": ""
    },
    {
      "Command": "type",
      "Target": "xpath=//*[@id=\"content\"]/div[3]/div/div/div/div[2]/div/div/input",
      "Value": "${!COL1}",
      "Description": ""
    },
    {
      "Command": "clickAndWait",
      "Target": "linkText=OPEN ${!COL1} WALLET",
      "Value": "",
      "Description": ""
    },
    {
      "Command": "comment",
      "Target": "clickAndWait // linkText=OPEN BNB WALLET",
      "Value": "",
      "Description": ""
    },
    {
      "Command": "comment",
      "Target": "clickAndWait // linkText=OPEN BNB WALLET",
      "Value": "",
      "Description": ""
    },
    {
      "Command": "clickAndWait",
      "Target": "linkText=Sell",
      "Value": "",
      "Description": ""
    },
    {
      "Command": "storeText",
      "Target": "xpath=//*[@id=\"content\"]/div[3]/div/div/div[2]/div/div[3]/div/div/div/h1/span",
      "Value": "currentSellPrice",
      "Description": ""
    },
    {
      "Command": "clickAndWait",
      "Target": "xpath=//*[@id=\"content\"]/div[3]/div/div/div[2]/div/div[3]/div/div/div[2]/div[3]/div/span/small",
      "Value": "",
      "Description": ""
    },
    {
      "Command": "executeScript_Sandbox",
      "Target": "return ${currentLine} + 1",
      "Value": "currentLine",
      "Description": ""
    },
    {
      "Command": "end",
      "Target": "",
      "Value": "",
      "Description": ""
    }
  ]
}